{
  "type": "botanypots:block_derived_crop",
  "block": "minecraft:glow_lichen",
  "soil": {
    "tag": "botanypots:soil/mossy_block"
  },
  "display": {
    "type": "botanypots:simple",
    "block_state": {
      "block": "glow_lichen",
      "properties": {
        "down": "true"
      }
    }
  },
  "drops":
  [
    {
      "type": "botanypots:items",
      "items":
      [
        {
          "result": {"id": "minecraft:glow_lichen"},
          "chance": 1
        }
      ]
    }
  ]
}