{
  "bookshelf:load_conditions": 
    [
        {
        "type": "bookshelf:block_exists",
        "values": ["cobblemon:cyan_mint"]
        }
    ],
  "type": "botanypots:block_derived_crop",
  "block": "cobblemon:cyan_mint",
  "input": {"item": "cobblemon:cyan_mint_seeds"},
  "grow_time": 2400,
  "display": 
    {
        "type": "botanypots:aging",
        "block": "cobblemon:cyan_mint"
    },
  "drops": 
    [
        {
            "type": "botanypots:items",
            "items": 
            [
                {
                    "result": {"id": "cobblemon:cyan_mint_leaf"},
                    "chance": 1
                },
                {
                    "result": {"id": "cobblemon:cyan_mint_leaf"},
                    "chance": 0.5
                }
            ]
        }
    ]
}