{
  "bookshelf:load_conditions":
  [
    {
      "type": "bookshelf:block_exists",
      "values": ["cobblemon:revival_herb"]
    }
  ],
  "type": "botanypots:block_derived_crop",
  "block": "cobblemon:revival_herb",
  "input": {"item": "cobblemon:revival_herb"},
  "grow_time": 3600,
  "display":
  {
    "type": "botanypots:aging",
    "block": "cobblemon:revival_herb"
  },
  "drops":
  [
    {
      "type": "botanypots:items",
      "items":
      [
        {
          "result": {"id": "cobblemon:revival_herb"},
          "chance": 1
        },
        {
          "result": {"id": "cobblemon:revival_herb"},
          "chance": 0.5
        },
        {
          "result": {"id": "cobblemon:pep_up_flower"},
          "chance": 1
        },
        {
          "result": {"id": "cobblemon:pep_up_flower"},
          "chance": 0.5
        }
      ]
    }
  ]
}