{
  "bookshelf:load_conditions":
  [
    {
      "type": "bookshelf:block_exists",
      "values": ["extradelight:grapefruit_sapling"]
    }
  ],
  "type": "botanypots:block_derived_crop",
  "block": "extradelight:grapefruit_sapling",
  "input": {"item": "extradelight:grapefruit_sapling"},
  "grow_time": 1200,
  "display":
  {
    "type": "botanypots:aging",
    "block": "extradelight:grapefruit_sapling"
  },
  "drops":
  [
    {
      "type": "botanypots:items",
      "items":
      [
        {
          "result": {"id": "extradelight:grapefruit"},
          "chance": 1
        },
        {
          "result": {"id": "extradelight:grapefruit"},
          "chance": 0.5
        }
      ]
    }
  ]
}