{
  "bookshelf:load_conditions":
  [
    {
      "type": "bookshelf:block_exists",
      "values": ["extradelight:hanging_mint"]
    }
  ],
  "type": "botanypots:block_derived_crop",
  "block": "extradelight:hanging_mint",
  "input": {"item": "extradelight:mint"},
  "grow_time": 1200,
  "display":
  {
    "type": "botanypots:aging",
    "block": "extradelight:hanging_mint",
    "options":
    {
      "rotation": "X_180",
      "offset": [0,-0.1,0]
    }
  },
  "drops":
  [
    {
      "type": "botanypots:items",
      "items":
      [
        {
          "result": {"id": "extradelight:mint"},
          "chance": 1
        },
        {
          "result": {"id": "extradelight:mint"},
          "chance": 0.5
        }
      ]
    }
  ]
}