{
  "bookshelf:load_conditions": 
    [
        {
        "type": "bookshelf:block_exists",
        "values": ["cobblemon:big_root"]
        }
    ],
  "type": "botanypots:block_derived_crop",
  "block": "cobblemon:big_root",
  "input": {"item": "cobblemon:big_root"},
  "grow_time": 2400,
  "display": 
    {
        "type": "botanypots:aging",
        "block": "cobblemon:big_root",
        "options":
          {
            "rotation": "X_180",
            "offset": [0,-0.1,0]
          }
    },
  "drops": 
    [
        {
            "type": "botanypots:items",
            "items": 
            [
                {
                    "result": {"id": "cobblemon:big_root"},
                    "chance": 1
                },
                {
                  "result": {"id": "cobblemon:big_root"},
                  "chance": 0.5
                },
                {
                    "result": {"id":"cobblemon:energy_root"},
                    "chance": 0.25
                }
            ]
        }
    ]
}