{
  "bookshelf:load_conditions":
  [
    {
      "type": "bookshelf:block_exists",
      "values": ["culturaldelights:avocado_sapling"]
    }
  ],
  "type": "botanypots:block_derived_crop",
  "block": "culturaldelights:avocado_sapling",
  "input": {"item": "culturaldelights:avocado_sapling"},
  "grow_time": 1200,
  "display":
  {
    "type": "botanypots:aging",
    "block": "culturaldelights:avocado_sapling"
  },
  "drops":
  [
    {
      "type": "botanypots:items",
      "items":
      [
        {
          "result": {"id": "culturaldelights:avocado"},
          "chance": 1
        },
        {
          "result": {"id": "culturaldelights:avocado"},
          "chance": 0.5
        }
      ]
    }
  ]
}